타임스탬프,이메일 주소,작성자분의 닉네임을 알려주세요!,1) 제리 쌤,2) 빨강구두 쌤,3) 송히 쌤,4) 그레이 쌤,5) 서벅 돔,6) 효 돔,7) 스말러 돔,8) 대니 돔,9) 이리 돔,10) 다정 돔,11) 초코 돔
2026. 4. 13 오후 5:47:22,,진성,그 동안 고생했습니다 출석률이 저조해서 자주 못 뵈었내요,다정하게 잘 대해 주셔서 정말 감사했습니다,에너지 넘치는 송히쌤 그동안 진짜 누나처럼 잘 대해주시고 잘 끌어주셔서 감사했습니다,에너지 넘치는 송히쌤 옆에서 고군분투 하신 그레이쌤 졸공때 방전된 모습에 눈시울이...까지는 아니지만 그동안 감사했습니다,초반에 어버버할때 친절하게 와주셔서 도와주신거 감사합니다,그동안 고생하셨고 졸공때 캔디?잘 먹었습니다 힘이 되었습니다,진짜 동안 항상 웃어주시고 말걸어주시고 진짜진짜 고마웠습니다 다정한 도우미이자 형님 항상 행복하세요,고생하셨습니다,고생하셨습니다 제가 출근률이 저조해서 많이 못 뵈어서 아쉽내요 그동안 감사했습니다,고생하셨고 소셜때 한번이라도 더 추게 해주시고 다정하셨던 돔 감사했습니다,토요일 너무 출석률이 저조해서 많이 못뵈었내요 고생하셨고 감사했습니다
2026. 4. 13 오후 5:49:04,,라이에,"첫시간부터 남달랐던, 그렇게  린초 1,2가 덕분에 유익한 시간 이었습니다! 제가 조금 나아졌다면 제리쌤  덕분입니다^^",시간이 벌써~ 저도 언제가 멋지게 쌤처럼 추게되는 날이 있기를요. 잘 못춰도 끝까지 알려주셔서 고맙습니다~,항상 저의 부족한 점을 함께 고민해줘서 이해하기가 훨 쉬웠답니다~ 짧은 시간이었지만 임팩트 있는 쌤이셨답니다!,이론도 빠삭하신 쌤 통해 내가 뭐하는건지를 배우는 시간들이었답니다. 뭐 하나라도 더  알려주려는 맘  잊지않을께용 ^^,애정어린 잔소리 고마워용~ 그만큼 발전하지 못한듯 해서 미안할 따름이랍니다.,뭐든 친절하게 도와줘서 고맙습니다.,닉네임과 찰떡인 스말러돔~ 고마웠습니다~,,,헤헤헤헤헤 고마웠어요~~,
2026. 4. 13 오후 6:56:57,,하피,"안녕하세요 제리쌤, 하피라고 합니다. 사실 제리쌤한테는 아직 수업을 들은 적은 없지만 소문으로 너무 잘하시고 잘 가르치시고 넘 좋으시다고 들었습니다. 언젠간 꼭 만나뵙길 기대하고 있어요!! 행복하세요~~~","안녕하세요 빨강구두 쌤, 하피라고 합니다. 아직 쌤께 수업을 들은 적은 없지만 너무너무 잘 하시고 좋으시고 잘 가르쳐주신다고 들었습니다. 뒷풀이 자리에서만 한번 뵈었는데 언젠가 수업을 꼭 듣겠습니다!! 행복하세여~~~",안녕하세요 내사랑 송히쌤♡ 보통은 진지하신 강사님들과 수업을 하다가 송히쌤을 만났을 때의 그 충격이란(P)!!!!! 수업 듣는 내내 너무 즐거웠고 행복했습니다. 많이 웃고 재밌는 2시간 동안 또 수업은 어찌나 알찬지~~~ 이 세상에 이런 캐릭터는 없다!!! 스프회원이면 무조건 한번은 송히쌤과 수업을 해야함. 헌법으로 지정해야 함. ㅎㅎㅎ 쌤의 밝은 에너지를 나눌 수 있어서 너무 감사했어요. 졸공 안무도 너무 신나고 재밌고 완벽했습니다!!! 다음에 또 만나요!! ,안녕하세요 그레이쌤~~ ,,,,,,,
2026. 4. 13 오후 9:33:30,,칩스쥬니어쵸이,제리쌤.... 두 학기 동안 저땜에 심적인 고통은 안 겪으셨나 모르겠습니다. 하도 촐삭 촐랑 지랄?맞아서 이런 수강생 또 없습니다만.. 암튼 무사히 졸업하고 좋은 수업 해주셔서 넘나감사하고~ 다음엔 진중하고 자중하며 조용한 가운데 수업을...임했으면 좋겠네용^^;; 감사합니당,"언제 다음에 까르보나라와 소주 맛집을 찾아 가보심이 어떠실지요? 두학기동안 몸도 맘도 힘드셨을텐데 잘 견뎌주시고 언제나 수업 소셜 졸공때 웃어주심에 감사드리며. 술은 조큼만 드세요 칸이 마니 아파해요~ 건강 챙기시길 바랄게용
두 학기동안 감사합니다. 다다음...학...ㄱ....뵈요^^","송히 언니~ 저땜에 많이 힘들고 고통받으셨을꺼라 누누이 말씀 드리지만... 그래도 어찌저찌 잘 버텨내셨어요. 저가튼 희얀하고 밥주면 좋아하고 뭐 그런 수강생 세상에 몇..아니 하나밖에 없었으니깐요.
그래도 송히언늬가 잘 챙겨주시고 많이 웃어주셔서 저도 덩달아 웃움이 났네요. 그래서 다음엔 청주에서~ 아님 신림에서 뵙도록 해용^^","그레이선생님께.
선생님 안녕하십니까 칩스 쥬니어 쵸이입니다.
수업기간동안 여러모로 힘드셨을텐데 몸도 맘도 지쳤을 선생님의 마음을 누구보다 잘 알고 있습니다.
그럼에도 이겨내주시고 잘 이끌어주셔서 두 학기 즐거운 추억으로 살아갈 거 같네용^^
다음에 핑클, 에쵸티 그리고 BTS....춤도 같이 추면 좋겠어용^^ 감사해용~","제가 친형은 없지만, 만약 친형이 있다면 서벅군돔님같은 분이 계시지 않았을까 합니다. 맨날 싫은 소리 하시면서도 알뜰 살뜰하게 챙겨주시고. 춤 못추고 허우적 거리면 멱살 잡고 케리해주심이 한두번이 아니셨습니다. 덕분에 조큼의 디테일도 스윽 와서 봐주시고 챙겨주셔서 여기까지...왔습니당^^ 감사해용^^",내적 친밀감 넘치는 효돔님. 항상 이름 물어보게 해서 죄송해요. 맨날 물어보고 까먹고 물어보는게 제 실력이자 능력이여서..... 그럼에도 팀킬하는 가운데에서도 자신의 의지와 자존감을 지켜가면서 저를 챙겨주심에 감사드립니다. 다음에 린초3에서 뵙는거...ㅈ? 건강하세용^^,"모~ 든~ 거얼~ 아 주 이 까 떠 나 다 능 그 ~ 남자~
내~ 모~ 드걸~ 아~ 가 져 간 그~ 남자~
한때는 내가 정말...사.....이다같은 그 남자..
다 믿었었어...바보같이.....
스말러돔님은 다 똑같나바.....-윤민수를 닮은 스말러돔님. 항상 제가 초큼만 뭐 해도 스마일 모습을 보여주심에 빵빵 터졌습니당.
넘나 감사드리고 다음에 또 스윙생에서 같이 만날날을 기약해보겠습니당
P.S. 언제 강습 또 하시나요? 린더벅? 린초1? 2?","대니돔님을 볼때마다 토마스가 아른거려....
린초2에서 급하게 수혈받아서 오셨는데 많은 알과 상황과 어려움을 겪으셨으리라 생각하지만 그럼에도 특유의 빡침? 아니 웃음과 미소로 견뎌내주셨기에 함께 즐거웠습니다. 넘나넘나 고생많이하셨고 감사드립니당^^ 다음에 만나면 소셜 홀딩 수업에서 또 만나용^^","구 이리 신 익산에서 살다 온 칩스입니다~
골든 응원 가야지 가야지 해놓고 가지도 못한 점 송구스럽게 생각합니다. 하지만 다음학기에 린초1 수업 하신다고 해서 꼭꼭꼭~! 응원가도록 하겠습니당~!!
항상 건강하시고 4주년 너머 오주년 오십주년까지 백세 스윙하시길 바라겠습니당^^","안녕하세요. 김젬마 선생님.
최성관 간호사입니다.
잘 지내셨는지요?
먼 발치에서 지켜보고 있습니다
스윙 세계로 입문하게 한거 후회하고 있나요?ㅋㅋ
그니깐 아무나 발 들이게 하지 마세요. 개고생만 하다 한 학기 하고 가버려서 조큼은 섭섭하고 엠티때 오지 못해서 더더욱 아쉽지만..
담에 밥먹어요.. 저 떠나기 전에...^^;; 
항상 건강하시고 오래오래 행복 스윙생활이어갑시다
다음에 홀딩 고진선처 부탁드립니다.","초코돔님 안녕하세요 칩스입니다.
린초1때 그래도 재밌었고 그랬는데...린초2때 안계셔서 섭섭....할뻔 했지만. 그래도 바삐 현생과 스윙생, 그리고 윤리위로 활동하시느라 정신없을거라 생각이 듭니다. 엠티때 어디 놀러가시는지 정해지셨는지 모르겠지만.. 그래도 다음에 또 뵈면 홀딩 신청 들가겠습니다. 건강하시고 행복하소서"
2026. 4. 13 오후 10:13:52,,로빅,감사합니다,감사합니다,"이렇게 잘 챙겨주신 쌤이 있었나 싶을 정도로, 감동받았습니다! 덕분에 춤에도 더 관심을 가지게 된거 같습니다! ","이렇게 친절하게 잘 설명해주시고, 모르는것도 친절하게 알려주셔서, 말을 걸거나 어떤것을 물어볼때 어렵지가 않았던거 같았습니다. 이런 부분은 정말 닮고 싶네요! ",감사합니다,"출석 체크 할때마다 안내 잘 해주시고, 늦게왔는데 어디로 위치해서 가야 될지도 친절히 알려주셔서 매번 감사했습니다. ","정말 항상 미소가 없는 적을 본적이 없었습니다! 덕분에 저도 항상 긍정적이고 진취적인 생각과 자세를 가지면서 102기 분들 그리고 쌤, 돔 분들과 함께 했던거 같습니다!",감사합니다,감사합니다,감사합니다,감사합니다
2026. 4. 13 오후 10:51:22,,란다김,,,쌤 덕분에 수업내내 넘 즐겁게 웃으면서 많이 배운것 같아요 ㅎㅎ 넘 감사해욧💕💕💕,그레이쌤~ 다이나믹칸 것들도 하나라도 더 알려주시려고 했던 것들까지 많이 배웠네요 넘 감사해요~~^.^ ,잘 챙겨주신것 감사해요~~^^,한 학기동안 넘 감사했어요 ~~🤗,항상 수업 늦게들어가도 항상 빵긋 웃는 얼굴로 맞이해주시고 챙겨주시고 감시해요 👍,,,,
2026. 4. 14 오전 11:40:20,,우마왕,제리쌤 멋져요! 늘 먼 발치에서 춤추시는거 보면서 감탄하고 있어요!,구두쌤... 제가 더 열심 나왔어야 했는데... 짧지만 즐거운 시간이었어요!!!,"열심히 나갔어야 했는데... 
길거리에서 방황하는 저를 검거도 해주시고...
짧은 시간이었지만 너무 즐거웠어요!!","재밌고 유익한 수업을 해주셨고 즐거웠어요!!
자주 나가서 수업 듣고 싶었는데...
짧은 시간이었지만 너무 즐거웠어요!!","늘 믿고 의지 하고있어요 서벅님
항상 감사해요. 제가 즐거운 걸 하면서 지낼수 있도록!!
서벅님도 즐거운거 하면서 지내실수 있도록!!","늘 반가운 효님!! 내적친밀감을 느낍니다...
수업에 잘 안못나가서 죄송해요...화이팅!","늘 저를 다그쳐주시는 스말러님
늘 감사드려요... 제가 열심히 자주 나갔어야 했는데...
항상 감사드려요.",엇..수업에서 못 만났었네요... 빠에서 뵈요!! 하하 화이팅!!,제가 수업을 워낙 안가서... 마주치질 못했어요... 늘 응원하고 있어요,빠에서 보면 홀딩 갈게요!!! 제가 수업을 잘 안가서 수업때 못본거 같아요!! ㅎㅎㅎㅎ,와~! 멋진 대장~! 멋진 디제이!! 도우미!! 짱짱맨
2026. 4. 14 오후 7:13:04,,백미,,,"송히쌤~!
쌤의 유쾌하게 수업 해 주셔서  정말 즐겁게 배웠습니다 
특히 스위블도 궁금증이 많이 풀린 것 같아요(아직 마음처럼 안 되지만ㅋㅋ)
그리고 회사 때문에 뒤풀이를 매번 못 가서 많이 못 친해진게 아쉬움으로 남지만, 
그래도 바에서 만나면 반갑게 인사할게요! 그동안 감사합니다. 다음에 또 봬요!","그레이쌤~!
항상 자상하고 다정하게 알려주셔서 정말 감사했습니다.
매번 도망가는 저를 붙잡아 소셜로 인도해 주시던 쌤ㅋㅋ
다음 날 출근 때문에 많은 시간을 함께하지 못해 아쉬움이 남지만
그래도 바에서 만나면 반갑게 인사할게요~
다음에 많이 늘어서 홀딩 신청하러 가겠습니닷!
그동안 감사했습니다 다음에 또 봬요!",,"효돔!
효돔은 정말 '마음의 안정' 그 자체예요. ㅎㅎ 
덕분에 매번 수업 올 때마다 마음이 정말 편안했습니다.
항상 따뜻하게 반겨주시고 세심하게 챙겨주셔서 감사해요
알라뷰우~~❤️","말러돔~ㅋㅋ
도우미라 부르는게 아직도 어색하지만
동기들없는 수업해서 챙겨주셔서 감사했어요
홀딩하는거 힘든데 항상 먼저와서 홀딩 걸어주시고
표현을 잘 못하지만 항상 감사함이 커요~ㅎㅎ
더...아니 조금만 열심히 해볼게요
무병장수하세요 아부지ㅋㅋ",,,,
2026. 4. 14 오후 7:36:25,,바이올렛,(남자들에게) 인기 폭발 리더 제리쌤! 린초2 하면서 베이직 잘 점검하고 익혔습니다 2학기 동안 스프에서 넘 고생 많으셨어요! 또 어디선가 뵙는 걸로~☆,구두쌤~린초2 들으면서 베이직을 잘 다진 기회가 된 거 같아요. 스윙아웃 후 따단따단하는 스텝도 잘 배워서 여기저기 써먹구 있답니당! 컨디션 계속 안 좋으셨는데도 2학기 동안 스프에서 넘 고생 많으셨어요♥ 또 어디선가 뵙겠습니닷!,송히님 덕분에 서울에서 청주분들 많이 뵈어서 좋았습니다! 왔다갔다하시면서 넘 고생 많으셨고 짧게 짧게 뵈어도 챙겨주셔서 감사합니다~청주와 서울에서 또또 뵈어용~~!,그레이님~ 토욜 소셜 때 눈이 마주쳤다가 제가 티나게 피한 적이 있어요. 그 때 일행이 바깥에서 뒤풀이 같이 가려고 한참 기다리는 상태라 애써 외면하고 급하게 나가느라 그랬습니다 ㅠ 매번 해명하고 싶었는데 갑자기 붙잡고 설명해드리기는 애매해서...! 오해 푸시고 담에 같이 소셜해용!! ,욕쟁이 할...아니 츤데레 서벅돔 고생 많으셨어요! 일 처리 시원시원하게 해주시고 협박도 해주신 덕에(?) 댄서분들이 많이 남아주셔서 린초2 분들과도 얘기 많이 했답니다ㅎㅎ 또 스프에서 뵈어유~~,정규 강습 도우미 하시느라 넘 고생 많으셨습니다 감사합니다~! ♡,말러 돔 토욜엔 계속 못 뵈었지만 가끔 일탐에서 보면 축하잼 등등 챙겨주셔서 감사했습니다! 이제 슬슬 대회에서도 뵈어요(?),이번에 대니돔 새로 알게 되어서 넘 좋았습니다! 같이 소소하게 소셜 전 샐러드 먹고 린초1 뒤풀이 놀러간 것도 좋은 추억으로 남을 거 같아요~기회 닿으면 또 뵈어용♥,이리쌤~이번 학기엔 동선이 안 겹쳐서 거의 못 뵌 거 같은데ㅠㅠ 항상 좋은 말이랑 격려해주셔서 넘 감사해요! 이리쌤을 목표로 열심히 수련해보고 있겠숩니다! ♥,정규 강습 도우미 하시느라 넘 고생 많으셨어요 감사합니다~! ♡,정규 강습 도우미 하시느라 넘 고생 많으셨습니다! 린디합은 물론 솔째할 때도 넘 멋있으세요~!! ♡
2026. 4. 14 오후 7:36:36,,에어,"이번학기는 제리쎔과 같이 수업을 못 가서 고개를 못들고 있어요. 일탐, 수탐에서 볼때마다. 반갑게 인사 해주셔서 감사했습니다. 항상 좋은 모습으로 간직하고 있을게요. 사랑합니다.?",이번학기는 제리쎔과 같이 수업을 못 가서 고개를 못들고 있어요. 기수방에서 응원 너무 감사했습니다. 저번 수탐에서 반겨줘서 감동적이었어요. 좋은 모습으로 간직하고 있을게요. 사랑합니다.,송히언니?! 언니 카리스마에 열심히 한것 같아요. 린초1에는 얼굴만? 아는 사이였는데 급 친해져서 너무 좋았습니다. 부족한 부분 고치려 찾아 갈게요. 고쳐주세요. 사랑합니다.,강습생들에게 다정하신 멋진 그레이쌤.. 우러러보고 있습니다. 건강이슈가 많이서 걱정입니다. 사랑합니다.?,든든한 서벅님. 든든하게 막강에도 오시고 서벅님 오실때마다 뒷풀이 인원이 많아서 다행입니다. 소셜에서도 동작 하나하나 알려주셔서 감사합니다.,효님 최고! 반장 하는동안 너무 도와주셔서 감사합니다. 많이 도움이 된것 같고 덕분에 무사히?? 수업이 끝나서 좋았습니다.,항상 웃어주시는 스말러님 최고예요. 린초2 반장 하는 동안 옆에 도와주셔서 감사합니다.,수업을 못들어 인사는 못했지만 소셜에서 먼저다가가 인사 드릴게요.,린초1 이후 소셜에서 홀딩해주셔서 감사합니다. 자라나는 꿈나무가 될게요.,수업후 소셜때 먼저 다가와 홀딩해주셔서 감사합니다. 닉네임만큼 다정하세요. 칩스님과 다르게..? 따듯한 백의천사 이십니다.,"디제잉 데뷔 축하 드려요. 토요반돔이라 수업때 못봤지만 소셜, 디제잉으로 볼수 있어 좋았습니다. "
2026. 4. 14 오후 8:02:55,,데미안,다른 사람이었다면 망설였을텐데 형이라서 바로 신청할 수 있었어요. 스윙프렌즈에서 좋은 시간 보낼 수 있게 해주셔서 감사해요!!,누나 지난 여름에 DM으로 격려해주셨던 거 기억나시나요? 간단한 DM이고 대화 내용도 다른 얘기였지만 마음의 위안이 많이 되었어요. 초급 강습 동안 반갑게 맞아주셔서 정말 감사해요!!,토요일에 바빠서 놀러가지 못해 마음에 걸렸는데 초급2 강습에서는 함께 해서 너무 편안하고 재밌었다. 한국 스윙씬의 대들보!! 어디에서 활동하던 응원하고 청주도 종종 놀러갈께!!,게임부터 시작해서 강습까지 이렇게 가깝게 지내게 될 줄 상상이나 했을까?ㅋㅋㅋ 신촌 놀러가지 못해서 계속 마음에 걸렸는데 이렇게 초급2 강습에서 같이 하게 되어서 좋았다우. :) 린디합도 블루스도 화이팅!,,,,,,,
2026. 4. 14 오후 8:23:54,,다자,유머와 멋짐의 폭발 제리쌤 너무 멋져요!!,살포시 웃으며 다가오실때 너무 좋아요,평소엔 우당탕탕 플로워 에선 우아함,재미를 알려 주시려고 노력 하시는게 너무 좋아요,맨날 알아서 잘 살아 남아라 하는데 하나 하나 꼼꼼히 신경 써주시는게 감사했습니다,하나 하나 뒤에서 챙겨 주셔서 감사합니다,웃는게 해맑고 멋진 스말러님 항상 보고 있어요,무엇이든 열정적이고 열심히 해주신 대니돔님 감사합니다,이번 강습에는 못 뵈었네요 다음 강습때 뵈요,어디 가셨나요 토요일에 뵙고 싶었어요,린초 첫강때 이런 저런 이야기 감사했습니다 ㅎㅎ
2026. 4. 14 오후 11:34:19,,도군,춤신춤왕 근데 이제 요리왕인..... 방임형이라고 하시지만 항상 격려해주시고 계속 춤 출 수 있게 독려해주시는 제리 쌤 덕분에 스윙이라는 춤에 잘 안착할 수 있게 되었어요. 저희 수업에서 꼭 또 만나요. ,춤출 때 표정이 너무 행복해보이셔서 홀딩 할 때마다 저도 같이 행복해졌어요. 멋진 춤과 에너지로 가득한 구두쌤 덕분에 스윙을 배우는게 더 즐겁고 재밌었습니다. 저희 소셜에서 그리고 수업에서 또 꼭 만나요.,말 놓기로 했지만 여긴 강습생으로 남기는거니..! 호탕한 웃음과 유쾌한 수업 근데 이제 섬세한 피드백을 곁들인 송히쌤 덕분에 린초2까지 무사히 마칠 수 있었어요. 앞으로도 잘 부탁하고 저희 소셜에서 그리고 수업에서 또 꼭 만나요.,따뜻함과 섬세함과 상냥함을 모두 갖춘 우리 그레이 쌤! 저 대회준비할 때 많이 도와주시고 특히 린초2 수업 들으면서 쌤의 피드백 덕분에 정말 많이 늘었어요. 앞으로도 잘 부탁드려요. 저희 수업에서 또 꼭 만나요.,서벅님 진짜 일요일 돔 아닌거 맞으셔요??? 뒷풀이에서도 수업에서도 여러모로 자주 뵙고 많이 도와주셔서 항상 감사했습니다. 스프 안에서 자주자주 봐요. ,조용하지만 언제나 자리를 지키며 묵묵히 수업이 잘 이루어질 수 있게 애써주신 효 돔!! 이번 수업 기간동안 여러모로 정말 고생 많고 애쓰셨어요. 앞으로도 잘 부탁드리고 소셜에서 보일 때마다 홀딩하러 갈게요!!,소셜에서 볼 때마다 항상 열정가득하게 그리고 정말 즐겁고 행복한 모습으로 춤추는 모습을 보며 저도 언젠간 스말러 돔처럼 춤출 수 있을거란 기약없는 믿음을 가지게 됐어요. 수업내내 고생 많으셨고 앞으로도 잘 부탁드려요~~,,,,저희 비록 수업 때는 거의 못봤지만 린더벅 때부터 이어진 인연이 신기하고 제 생일까지 살뜰히 챙겨주셔서 정말 감사해요. 그리고 최근에 디제이 셋리 진짜 정말 좋았어요. 소셜에서 보일 때마다 홀딩하러 갈게요~~
2026. 4. 15 오전 12:09:54,,엘리나,,,"눈이 예쁘신 쌤~~
행복한 웃음까지 장착하셔서 수업이 잊혀지지않네요 기쁨을 나누어주신만큼 행복한 일만 가득하세요♡","열성 가득하신 쌤~
강습생을 한명 한명 잡아주시려는 모습이 인상적이였어요! 그만큼 매주 점점 야위어가시는 모습은 안타까웠구요 그래도 더 핸섬해보이는 잇점이 있었네요^^
진심으로 감사합니다 건강 잘 챙기세요
",,많은 강습생들 챙기느라 고생하셨어요,웃기만 하는 스말러님~ 화내는 모습은 상상이 안가네요 쌤들과 케미도 좋아서 강습이 즐거웠어요 감사해요,,,,
2026. 4. 15 오전 12:20:08,,진비,리더진비의 탯줄을 잘라주신 제리샘!!! 감사헤요 오래오래 함께 춤출 수 있길 바라요😀🩵,스프에서 구두샘 강습 열리길 목빠지게 기다리고 있었는데 이번에 샘과 함께 해서 너무너무 행복했어용🫠💜 ,다리에 힘이 풀려 주저앉게 힐 정도로 매력적인 송히샘😆🧡 강습 너무 감사했어요 리더진비 성장해서 또 올게요!!,리더진비 똥기저귀 갈아주신 그레이샘!! 강습 내내 너무너무 감사했어요😀💙 린디합의 유래와 역사도 귀에 쏙쏙 ><,세상 따뜻한 서벅돔🫠💚 강습내내 잘 챙겨줘서 덜 헤매고 잘 따라갈 수 있었어!! 사벅돔 최고야!!!!! ,꺄 내사랑 효돔🥰💛 두학기동인 효가 있어서 얼마나 든든헸던지 너무너무 고생했어용 효돔 최고야!!!!!!,"이젠 그 웃음소리가 들리지 않으면 허전한 말러돔😀🤎
두학기동안 잘 챙겨줘서 너무 고마워 말러돔 최고야!!!!",대니돔님!!! 한학기 너무너무 고생많으셨어요!!! 🩷,춤열정이 너무 멋진 이리돔❤️ 너무 수고하셨어요 다음 린초1 강습도 화이팅!! 응원갈게요 😃,진짜 많이 의지했던 다정돔😀🧡 리더진비 안정시켜줬던 그 온화한 미소 오래오래 기억날거예요 댄서다정도 완전 응원합니다!!,초코돔!!! 린초1때 리더진비 우쭈쭈해줘서 감사해요 지난 일탐 디제이 데뷔도 완전 멋졌고 앞으로 댄서로서 디제이로서 많이많이 응원할게요🍫🧡
2026. 4. 15 오전 3:53:15,,리디아,한 학기동안 감사했습니다!! 많이 배워갑니다!!,구두 쌤! 한 학기동안 감사했어요~~,고생하셨습니다~!!,고생하셨습니다~!!,한 학기동안 고생하셨습니당!!,한 학기동안 고생하셨습니다!!,고생하셨습니다~!!,고생하셨습니다~!!,고생하셨습니다~!!,고생하셨습니다~!!,고생하셨습니다~!!
2026. 4. 15 오전 8:29:23,,라비앙,,,"역시나 너무 멋진 송히쌤!
유쾌하고 밝은 에너지, 그리고 다정함까지 나눠주셔서 진심으로 감사해요 😊
덕분에 함께한 시간이 더 따뜻하게 느껴졌습니다.
조만간 청주에도 꼭 놀러갈게요!~ ","그레이쌤 👍
멋지고 섬세한 수업 정말 인상 깊었습니다!
많이 배우고, 수업 시간 내내 웃으며 즐겁게 참여했어요 😊
감사합니다!!",,"효님 😊
수업 중에 늘 다정하게 간식도 챙겨주시고,
리더 도우미까지 해주셔서 정말 감사하고 멋졌어요!
덕분에 더 편하고 즐거운 시간이었습니다 😊
다음에 또 뵈어요!","스말러돔님 😊
수업 중에 늘 멋진 영상과 사진 남겨주셔서 감사합니다!!",,,,
2026. 4. 15 오전 10:35:31,,미니,귀여움과 카리스마 모두를 겸비하신 제리쌤😆 꼼꼼하게 강습해주셔서 정말 감사합니다! 제리쌤 리딩 최고에요 넘 멋있고.. 부드러운 리딩🥺🥺 앞으로 린초3 듣고 루키도 듣고..! 실력을 좀 더 늘려서! 소셜때 홀딩 신청가겠읍니다..받아주세요오오,"미소가 아름다운 빨강구두쌤~~강습때 항상 따뜻한 미소로 작은 포인트까지 섬세하게 알려주셔서 정말정말 감사드려요~~! 아직은 미숙하지만 덕분에 스윙댄스의 기초가 정말 단단해진 느낌! 입니당! 항상 건강하시고 행복가득하시길~~!!🌷🍀🧡
",사랑하는 🫶🏻송히쌤🫶🏻🫶🏻🫶🏻늘 열정적으로 유쾌하게 스윙 가르쳐주셔서 강습내내 행복했어요!! 특히 졸공때 어미새처럼 하나하나 다 봐주시고 격려해주셔서 정말 감사드려요~~!!! 바쁘실텐데 항상 애정 가득하게 한명한명 챙겨주셔서 송히쌤 매력에 풍덩 빠져버렸..😍저도 언젠가 송히쌤처럼 멋진 댄서가 될 수 있겠죠?🥹제 워너비세용!😆 늘 건강하고 행복가득하시길 바래요~~!!🍀🧡사랑해애애 송히쌤 벌써 보고파요오🧡,"블루스 프린스! (두둥) 서울의 얼굴! (두두둥) 병약미의 아이콘! (두두두둥) 그레이쌤!😆 컨디션 이슈와, 이제…다른 미친(?)이슈발생에도 불구하고 끝까지 자상하고 세심하게 알려주셔서 정말 감사합니다~~!! 앞으로 몸건강하시고🥺 꽃길만 걸으셔서 월드 챔피언 블루스 킹되시길🌷헤헹 소셜때 많은 홀딩 부탁드립니다😉",린초2 수업때 객원 도우미로 와주셨을때마다 잘 챙겨주시고 도와주셔서 감사해요~! 서벅돔 오실때마디 뒷풀이가 항상 흥했던거같은데에 덕분에 너무 즐거웠어요! 항상 건강하시고 행복하시길!🍀,강습때마다 항상 필요한거 있는지 확인해주시고 다정하게 챙겨주셔서 정말정말 감사드려요~~! 내적친밀감을 느끼는듕... 헤헤🥰덕분에 너무너무 즐겁게 강습들었습니다앙! 항상 건강하시구 행복가득하세요오오🍀,항상 스마일 장착하고 강습때마다 잘챙겨주셔서 너무너무 감사했습니다! 소셜때 뵈어요오오!!  늘 건강하시구 행복가득하세요오오🍀,고생하셨습니다!,고생하셨습니다!,고생하셨습니다!,린초 1 뒷풀이때 잠깐 뵈었는데 기억나실까요? ㅠㅠ쿄쿄...  DJ 데뷔하신거 너무 축하드려요!! 그날 셋리 너무 너무 좋았어요 완전 흥겹고 모든 곡이 좋았떤~!! 다음 DJ하시는날이 벌써 기대됩니당 히히  항상 건강하시고 행복하시길!🍀
2026. 4. 15 오후 6:33:14,,데미안,,,,,서벅돔 린초1 동안 여러모로 챙겨주시고 자주 뵈어서 너무 반가웠어요! 이제 마주치면 인사 드릴께요!!,김효돔 항상 빠에서 얼굴만 보다가 이렇게 강습을 계기로 친해지게 됐네요. 제가 홀딩 신청 잘 못 가는데 앞으로는 많이 노력할꼐요!!!,항상 스윙프렌즈의 댄디남이라고 생각하고 있었는데 친해지니 세상 좋은 사람인 게 느껴지더라구요. 앞으로 프렌즈에서 잘 부탁드릴꼐요!!,,항상 홀딩만 했었는데 이번 강습에서 많이 챙겨주셔서 감사해요! 앞으로도 쭈욱 홀딩 부탁드려요!! :),처음 린초1에서 보고 왠지 모르게 친밀감이 느껴졌는데 항상 홀딩도 먼저 와주시고 여러모도 챙겨줘서 고마워요. 딱지 이벤트 기억 나시나요? ㅋㅋㅋㅋㅋ 앞으로 자주 봐요. :),
2026. 4. 16 오후 1:14:46,,쿠,"제리 쌤~ 춤을 너무 멋지게 추셔서 볼 때마다 감탄했습니다!
잘 가르쳐주셔서 많이많이 배우고, 수업도 정말 재밌게 들을 수 있었어요ㅎㅎ
두 학기 동안 많이 배우게 해주셔서 감사드리고, 마지막 졸업 공연까지 고생 많으셨습니다!
끝까지 신경 써주시고 도와주셔서 진심으로 감사드립니다 🙏","빨강구두 쌤~ 밝은 미소로 맞아주셔서 갈 때마다 힘이 많이 났습니다 😊✨
항상 세심하게 챙겨주시고 편하게 알려주셔서 정말 감사했어요ㅎㅎ 🙏
아직 많이 부족하지만.. 그래도 기초가 많이 늘은 것 같아요! 
수업 분위기도 편하게 만들어주셔서 더 재밌게 배울 수 있었습니다 😄🎶
앞으로도 스윙아웃 열심히 해볼게요~! 🔥","송히 쌤~ 린초 1 첫 수업 때 처음 뵀는데, 사실 처음엔 약간 쫄아있었습니다 호호..
그치만 알면 알수록 너무 귀엽고 사랑스러운 쌤이셨어요 😆💛
디테일하게 하나하나 잘 챙겨주시고, 에너지 넘치는 수업 덕분에 항상 즐겁게 배울 수 있었습니다! 🔥🎶
많이 웃게 해주시고 분위기도 밝게 만들어주셔서 정말 감사했어요 😊","그레이 쌤~ 알면 알수록 재밌으신 거 같아요.. 👍
송히쌤과의 케미도 최고였습니다ㅎㅎ 스마일러님 다음으로 제일가는 스마일 맨! 😄✨
차분하게 디테일도 잘 짚어주시고, 설명도 귀에 쏙쏙 들어와서 더 좋았습니다!
언젠간 그레이쌤의 스윙학개론 수업도 꼭 들어보고 싶습니다 😊","서벅 돔~ 삐지지 마세요~ 린초 1부터 2까지 라포가 쌓였다구요~ 😆
항상 디테일하게 봐주시고 챙겨주셔서 진짜 감사하다구요!! 🙏
아직도 스윙아웃 할 때 옆으로 가지만…ㅎㅎ 언젠간 앞으로 당당히 가도록 노력하겠습니다! 🔥
항상 정말 찐찐 너무 감사해요 😊","효 돔~ 친근하게 챙겨주셔서 넘넘 감사했어요!! 😊
부족한 수강생에게 한줄기 빛! ✨
묵묵하게 도와주셔서 수업이 더 편하게 느껴졌어요 🙏
예전에 앞풀이에서 수다 같이 떨었던 게 너무 즐거웠어서, 또 수다 떨고 싶어요~ 호호호 😆","스말러 돔~ 라이브 영상을 볼 때마다 항상 계셔서 매번 놀라는 돔! 😆
린초 2 때는 자주 못 뵈서 아쉬웠어요ㅠㅠ
뭔가 강습받는 기분으로 소셜을 했던 기억이 있는데…(?)
이렇게 돔으로 만나서 더 반갑고 신기했습니다! 😊
앞으로도 자주 뵙겠습니다 (꾸벅) 🙇‍♀️","대니 돔~ 막판에 급격하게 자주 뵈었던...!!
졸공을 함께 해주셔서 너무 고생많으셨고 감사했어요-!! 🙏🙏
에너지도 좋으시고, 춤도 부드럽게 너무 잘 추셔서 볼 때마다 넘넘 멋지다고 생각했습니다! 💃🔥","이리 돔님~ 넘 멋지셔요~ 😆
따뜻한 미소와 응원 덕분에 힘이 많이 났습니다 😊✨
감사합니다! 항상 응원할게요! 🙏","다정 돔~ 정말 다정하시고 편안한 분위기를 만들어주셔서 감사합니다 😊
항상 세심하게 챙겨주셔서 더 편하게 수업을 들을 수 있었던 것 같아요!
덕분에 부담 없이 즐기면서 배울 수 있었습니다 😆","초코 돔~ 소셜에서 존재감이 정말 대단하시고, 너무 멋지다고 느꼈습니다! 😆🎶
항상 분위기 잘 만들어주셔서 덕분에 더 즐겁게 즐길 수 있었던 것 같아요 😊
그동안 정말 고생 많으셨고 감사했습니다 🙏
앞으로도 자주 뵙고 싶습니다! 💃🕺"
2026. 4. 16 오후 11:27:20,,마르따 ,"남양주 이웃이자, 춤에 찐심, 열정적인 제리쌤! 스프에서 처음 듣는 스윙 수업을 쌤 수업으로 시작해서 너무 좋았습니다. 린초1, 2 수업 때마다 설명이 너무 명확해서 수강생 입장에서 이해하기 더욱 좋았던 것 같아요. 쌤 감사드리고, 다음에 수업하시면 또 배우러 갈게요!","사랑많고 소녀소녀한 울 빨강구두쌤! 린초 1/2 듣는 동안 쌤 수업도 재밌고, 쌤의 관심이 감사해서 잘하고 싶다는 욕심이 자꾸 생겼던 것 같아요~ 쉬는 시간에도 소셜할 때도, 포기하고 집에 가려고 했을 때도(호호) 거울 앞에서 계속 가르쳐 주셔서 정말 감사해요. 쌤 소셜하실 때 보면 정말 행복해보이시는 거 아시나요? 댄스 경력도 오래되셨는데, 아직까지 춤을 진심으로 좋아하시는 모습을 보며 너무 부럽고, 멋지다고 생각했습니다. 다른 수업들으면서 열심히 연습하고 있을게요, 다음 수업에서 꼭 봬융! ","애정하는 송히쌤! TJ 인 것 같은데 강습생들을 어떻게 매번 이렇게 어마어마하게 챙기시는 거죠? 린초 1땐 카페에서 가내수공업으로 사탕팔찌 만들고, 린초 2 땐 꽃 풍선 불고, 전국 방방곡곡 수업 다니면서 졸공 연습도 챙기시고 그런 열정이 어디서 나오시는 건가요. 저희들 위해 애써주신 마음 하나하나 너무 감사합니다. 사랑해융 쌤❤️","잘 생기고 스윗한 그레이쌤! 린초1 땐 멀다는 핑계로 신촌 수업은 한번 못 가고, 수탐에서 쭈뼛쭈뼛 인사드렸던 기억이 새록새록 나네요. 귀찮으실텐데 항상 친절하게 설명해주시고, 연습 무한 반복도 같이 해주셔서 감사한 마음 뿐입니다. 요즘 너무 바빠서 쌍커풀이 한층 진해지고 계신데 이젠 건강 잘 챙기셔야해요 쌤! (그레이스는 언제 데뷔하는 거죠?!) 🙌","몸에 안 좋은 것이라면(술담배+루머) 모든 좋아하는 서벅돔. 낯을 가린다는 의외의 반전매력을 가진 서벅돔! 수업 때마다 리더 없으면 같이 맞춰주고, 스윙/소셜하면서 부족한 점은 쪽집게 강사마냥 콕 찝어서, 가르쳐주셔서 넘 감사했습니다. 이제 린더벅 도우미로 보내드려야 해서 너무 아쉽지만, 바에서 보면 홀딩 신청하러 총총 뛰어 갈게요:) ","애정하고 애정하는 리더 효돔! 수줍음이 많은 것 같지만 알고보면 은근 개그 캐릭터이신데 말이죠. 팔뤄 스윙추실 때 선이 너무 이쁘시지만, 전 리더효돔을 포기할 수 없어요ㅎㅎ 린초1, 2 도우미 해주셔서 감사하고, 홀딩해주셔서 감사하고, 버벅일 때 옆에서 도와주셔서 더욱 감사해요. 앞으로도 잘 부탁드립니다(하뚜)","항상 웃고 있어서 보고 있으면 기분 좋아지는 스말러돔! 소셜 때 제가 틀릴 때마저도 웃으셔서 ‘이건 명백한 비웃음이다!’고 생각하게 만드는 돔쌤! 린초1, 2모언제나 반겨주시고, 도와주셔서 든든하고 감사했습니다. 앞으로도 홀딩과 “비웃음” + 해피바이러스 뿜뿜 부탁드려요:-) ","린초2에 급투입되어 외쿡인 토마스와 졸공까지 함께한 멋진 대니돔. 토욜 해피홀도 처음이고, 처음엔 어색함 가득이었는데 대니돔이 있어서 잘 적응할 수 있었던 것 같아요. 감사해요! 앞으로도 바에서 보면 반갑게 인사하러 뛰어갈게융:-) ","스프 대표 미녀 이리돔. 린초1 돔으로 함께해 주셔서 감사해요! (수업하실 때도, 공연하실 때도, 소셜하실 때도 쌤 너무 이뻐요!) 바에서 만나면 반갑게 인사드리러 갈게융! ",미소가 넘나 아름다운 다정돔! 린초2 때는 많이 못 봬서 너무 아쉬웠어요! 린초1 때 돔쌤으로 수업 도와 주셔서 감사합니다! 앞으로 자주 자주 뵐 수 있으면 좋겠습니다:-) ,"멋진 초코돔님, 린초1/엠티 때 함께해주셔서 감사해요. 스윙에 대한 초코돔님의 애정과, 춤출 때 표정에서 뿜뿜나오는 해피 바이러스 너무 멋져요. 린초2 같이 못한 건 너무 아쉽지만, 앞으로 수업도 같이 듣고 소셜 때도 보고 쭉 보고 싶어요! "
2026. 4. 16 오후 11:33:07,,겨울곰,,,,,,,,,,,
2026. 4. 17 오전 1:05:29,,토나,제리쌤 덕분에 스프생활 잘 정착 할 수 있었습니다 그리고 속속 들어오는 강습은 역시나 최고입니다. 감사합니다,누나라고 불러도 되나요,완소팔뤄 송히쌤~  이번에 많이 친해진거같아서 좋아요~,존잘그레이쌤 ㅋㅋ ,모이세 지나갈때마다 보이는 서벅돔 ㅎㅎ,감사합니다,감사합니다,,쌤 화이팅 ㅋㅋ,,
2026. 4. 17 오전 9:57:17,,썸머,간지 작렬 제리쌤! 드디어 린초1에서 쌤의 수업을 들을 수 있어서 좋았어요!! 홍대는 멀어 갈 수 없었지만ㅠㅠ 만나서 즐거웠구 다음 수업에 따라갈게용!! ,넘 예쁘신 빨강구두쌤💓 린초1에서 쌤의 수업을 들을 수 있어서 좋았어요!! 홍대는 멀어 갈 수 없었지만ㅠㅠ 만나서 즐거웠구 다음 수업에 따라갈게용!! ,넘 예쁘신 송히 쌤💓 정말 열정적으로 수업해주시고 텐션까지 올려주셔서 린초2 내내 즐거웠어요!!! 예쁜 송히 쌤과의 긴 인연을 고대하며>_< 늘 쌤의 안녕과 건강과 재복과 행복을 기원할게요!!,멋진 그레이쌤! 린초1부터 부드럽게 잘 알려주셔서 좋았어요!! 쌤과의 긴 인연을 고대하며>_< 늘 쌤의 안녕과 건강과 재복과 행복을 기원할게요!!,내 스윙 첫 돔이자 애정하는 서벅 돔💓 돔으로 같이 해주셔서 감사하고 즐거웠어요. 서벅돔과의 긴 인연을 고대하며>_< 늘 안녕과 건강과 재복과 행복을 기원할게요!!,아름다운 효돔💓 돔으로 같이 해주셔서 감사하고 즐거웠어요. 돔님과의 긴 인연을 고대하며>_< 늘 안녕과 건강과 재복과 행복을 기원할게요!!,웃는 모습이 멋있는 스말러 돔!!  돔으로 같이 해주셔서 감사하고 즐거웠어요. 돔님과의 긴 인연을 고대하며>_< 늘 안녕과 건강과 재복과 행복을 기원할게요!!,대니돔님:) 자주 뵙지는 못했지만 돔으로 같이 해주셔서 감사하고 즐거웠어요. 돔님과의 긴 인연을 고대하며>_< 늘 안녕과 건강과 재복과 행복을 기원할게요!!,아름다운 이리 돔💓  돔으로 같이 해주셔서 감사하고 즐거웠어요. 돔님과의 긴 인연을 고대하며>_< 늘 안녕과 건강과 재복과 행복을 기원할게요!!,아름다운 다정 돔💓  돔으로 같이 해주셔서 감사하고 즐거웠어요. 돔님과의 긴 인연을 고대하며>_< 늘 안녕과 건강과 재복과 행복을 기원할게요!!,아름다운 초코 돔💓  돔으로 같이 해주셔서 감사하고 즐거웠어요. 돔님과의 긴 인연을 고대하며>_< 늘 안녕과 건강과 재복과 행복을 기원할게요!!
2026. 4. 17 오전 11:23:30,,블루베리,,,"쌤, 너무 감사해용~!! 제가 나이가 있다보니 늘 자신이 없었는데 항상 쌤의 격려와 덕담에 무사히 린2를 잘 마쳤어요^^ 항상 밝고 긍정의 에너지를 뿜어내는 쌤이 많이 그리울것 같아요~~~~^^","멋쟁이 그레이쌤, 이번학기 린2를 끌어주셔서 감사합니다!! 늘 편안한 미소로 맞이해주셔서 고마웠어요~ 쌤의 열정적인 이론강의를 많이 못 들어서 아쉽지만 언젠가 기회가 있으리라~~~^^ 생각하며...린2 수업 정말 감사드려요^^",,,,,,,
2026. 4. 17 오후 5:16:49,,로다,"멋진 제리쌤♥ 쌤의 진심어린 조언과 충고와 훈계와 꾸짖음과....(농담)ㅎㅎㅎ 무엇보다 쌤의 칭찬! 덕분에 자신감 갖고 린초 졸업 할 수 있었어요, 정말 감사드립니다!! 다음에 또 수업에서 봬요오>.<♡","아름다운 구두쌤♥ 저 봐주신다구 많이많이 고생하신 우리 구두쌤ㅎㅎ 쌤의 자상함과 다정함과 우쭈쭈와 응원 덕분에 린초2까지 무사히 졸업 할 수 있었어요, 정말 감사드립니다!! 다음에 쌤 수업도 예약예약...♡ 오래봬요오 >.<","러블리 송히쌤♥ 쌤의 반전매력 덕분에 수업내내 넘 유쾌하고 재밌었어요!!, 린초1 수업 많이 못나가서 너무 아쉬워요,,, 그동안 저 많이 걱정(ㅎㅎ)해주시고 신경써주셔서 넘넘 감사했습니다!! 쌤 덕분에 자신감 많이 얻어서 린초 무사히 졸업했습니다!ㅠㅠ♡ 앞으로도 잘부탁드려요ㅋㅋ >.<","영원한 프린스 그레이쌤♥ 항상 잘하고 있다고(+쌍 따봉) 다독여 주시고, 뚝딱 거려도 다정하게 홀딩해주셔서 정말 감사했습니다ㅠㅠ♡ 린초 수업 고생 많으셨어요!! 쌤의 손글씨 포카 평생 소장할게요...☆ 헤헤 
앞으로도 이래저래 잘부탁 드립니닷 >.<",서벅돔님♥ 눈물나게 재밌는 유쾌상쾌 서벅돔님!!! 린초 수업 내내 돔님한테 가장 많은 도움 받은 것 같아서 넘넘 감사하지요♡ 덕분에 무사히 졸업했습니다~~ 앞으로도 많은 도움과 홀딩 잘부탁드려요!!! >.<,효돔님♥ 저혼자 내적친밀감 만땅이었던 효돔님ㅎㅎㅎ 린초 기간 내내 진짜 많이 도와주시고 힘 주셔서 감사드립니다!! 졸공날 간식도 감동이었어요ㅠㅠ♡ 오래봬요오!!! >.<,"스말러돔님♥ '왜 닉넴이 스말러인지 너무 잘 알겠는걸!!^^'  했던 스말러돔님ㅎㅎ 뚝딱거려도 괜찮다며, 밝게 웃어주셔서 넘 감사했습니다ㅠㅠ♡ 앞으로도 홀딩 잘부탁드려요~~ 오래봬요!! >.<","대니돔님♥ 넘 자상한, 초 동안 울 대니돔님!! 대니님은 사람의 마음을 편하게 만들어 주시는 능력이 있는 것 같아요>.< 
따스하게 잘 대해 주셔서 넘 감사했습니다, 우리 오래봐요오♡","이리돔님♥ 출첵하며 팔찌 주시던 이리돔님 모습이 떠오르네요ㅎㅎ 도우미로 고생하셨습니다, 항상 웃으며 다정하게 인사 해주셔서 감사해요>.< 다음학기 강습도 응원할게요!! 오래봬요오♡",다정돔님♥ 젬마돔님ㅎㅎ 도우미로 고생 많으셨습니다! 감사드려요^^ 자주는 못 뵙더라두 나중에 만나면 반갑게 인사할게요!! 오래봬요오 >.<,"초코돔님♥ 되게 든든했던 초코돔님! 고생 많으셨습니다, 감사드려요^^ 나중에 반갑게 인사할게요~~ 오래봬요오 >.<"